name,url,description,combined_text,text_for_embedding
Account Manager Solution,https://www.shl.com/products/product-catalog/view/account-manager-solution/,,Account Manager Solution ,Account Manager Solution 
Administrative Professional - Short Form,https://www.shl.com/products/product-catalog/view/administrative-professional-short-form/,,Administrative Professional - Short Form ,Administrative Professional - Short Form 
Agency Manager Solution,https://www.shl.com/products/product-catalog/view/agency-manager-solution/,,Agency Manager Solution ,Agency Manager Solution 
Apprentice + 8.0 Job Focused Assessment,https://www.shl.com/products/product-catalog/view/apprentice-8-0-job-focused-assessment-4261/,,Apprentice + 8.0 Job Focused Assessment ,Apprentice + 8.0 Job Focused Assessment 
Apprentice 8.0 Job Focused Assessment,https://www.shl.com/products/product-catalog/view/apprentice-8-0-job-focused-assessment/,,Apprentice 8.0 Job Focused Assessment ,Apprentice 8.0 Job Focused Assessment 
Bank Administrative Assistant - Short Form,https://www.shl.com/products/product-catalog/view/bank-administrative-assistant-short-form/,,Bank Administrative Assistant - Short Form ,Bank Administrative Assistant - Short Form 
Bank Collections Agent - Short Form,https://www.shl.com/products/product-catalog/view/bank-collections-agent-short-form/,,Bank Collections Agent - Short Form ,Bank Collections Agent - Short Form 
Bank Operations Supervisor - Short Form,https://www.shl.com/products/product-catalog/view/bank-operations-supervisor-short-form/,,Bank Operations Supervisor - Short Form ,Bank Operations Supervisor - Short Form 
Bilingual Spanish Reservation Agent Solution,https://www.shl.com/products/product-catalog/view/bilingual-spanish-reservation-agent-solution/,,Bilingual Spanish Reservation Agent Solution ,Bilingual Spanish Reservation Agent Solution 
"Bookkeeping, Accounting, Auditing Clerk Short Form",https://www.shl.com/products/product-catalog/view/bookkeeping-accounting-auditing-clerk-short-form/,,"Bookkeeping, Accounting, Auditing Clerk Short Form ","Bookkeeping, Accounting, Auditing Clerk Short Form "
Branch Manager - Short Form,https://www.shl.com/products/product-catalog/view/branch-manager-short-form/,,Branch Manager - Short Form ,Branch Manager - Short Form 
Cashier Solution,https://www.shl.com/products/product-catalog/view/cashier-solution/,,Cashier Solution ,Cashier Solution 
Global Skills Development Report,https://www.shl.com/products/product-catalog/view/global-skills-development-report/,,Global Skills Development Report ,Global Skills Development Report 
.NET Framework 4.5,https://www.shl.com/products/product-catalog/view/net-framework-4-5/,,.NET Framework 4.5 ,.NET Framework 4.5 
.NET MVC (New),https://www.shl.com/products/product-catalog/view/net-mvc-new/,,.NET MVC (New) ,.NET MVC (New) 
.NET MVVM (New),https://www.shl.com/products/product-catalog/view/net-mvvm-new/,,.NET MVVM (New) ,.NET MVVM (New) 
.NET WCF (New),https://www.shl.com/products/product-catalog/view/net-wcf-new/,,.NET WCF (New) ,.NET WCF (New) 
.NET WPF (New),https://www.shl.com/products/product-catalog/view/net-wpf-new/,,.NET WPF (New) ,.NET WPF (New) 
.NET XAML (New),https://www.shl.com/products/product-catalog/view/net-xaml-new/,,.NET XAML (New) ,.NET XAML (New) 
Accounts Payable (New),https://www.shl.com/products/product-catalog/view/accounts-payable-new/,,Accounts Payable (New) ,Accounts Payable (New) 
Accounts Payable Simulation (New),https://www.shl.com/products/product-catalog/view/accounts-payable-simulation-new/,,Accounts Payable Simulation (New) ,Accounts Payable Simulation (New) 
Accounts Receivable (New),https://www.shl.com/products/product-catalog/view/accounts-receivable-new/,,Accounts Receivable (New) ,Accounts Receivable (New) 
Accounts Receivable Simulation (New),https://www.shl.com/products/product-catalog/view/accounts-receivable-simulation-new/,,Accounts Receivable Simulation (New) ,Accounts Receivable Simulation (New) 
ADO.NET (New),https://www.shl.com/products/product-catalog/view/ado-net-new/,,ADO.NET (New) ,ADO.NET (New) 
Claims/Operations Supervisor Solution,https://www.shl.com/products/product-catalog/view/claimsoperations-supervisor-solution/,,Claims/Operations Supervisor Solution ,Claims/Operations Supervisor Solution 
Contact Center Customer Service + 8.0,https://www.shl.com/products/product-catalog/view/contact-center-customer-service-8-0/,,Contact Center Customer Service + 8.0 ,Contact Center Customer Service + 8.0 
Contact Center Customer Service 8.0,https://www.shl.com/products/product-catalog/view/contact-center-customer-service-8-0-4269/,,Contact Center Customer Service 8.0 ,Contact Center Customer Service 8.0 
Contact Center Manager - Short Form,https://www.shl.com/products/product-catalog/view/contact-center-manager-short-form/,,Contact Center Manager - Short Form ,Contact Center Manager - Short Form 
Contact Center Sales & Service + 8.0,https://www.shl.com/products/product-catalog/view/contact-center-sales-and-service-8-0/,,Contact Center Sales & Service + 8.0 ,Contact Center Sales & Service + 8.0 
Contact Center Sales & Service 8.0,https://www.shl.com/products/product-catalog/view/contact-center-sales-and-service-8-0-4268/,,Contact Center Sales & Service 8.0 ,Contact Center Sales & Service 8.0 
Contact Center Team Lead/Coach - Short Form,https://www.shl.com/products/product-catalog/view/contact-center-team-leadcoach-short-form/,,Contact Center Team Lead/Coach - Short Form ,Contact Center Team Lead/Coach - Short Form 
Contact Centre Agent Solution - UK,https://www.shl.com/products/product-catalog/view/contact-centre-agent-solution-uk/,,Contact Centre Agent Solution - UK ,Contact Centre Agent Solution - UK 
Customer Service - Short Form,https://www.shl.com/products/product-catalog/view/customer-service-short-form/,,Customer Service - Short Form ,Customer Service - Short Form 
Customer Service - Short Form - UK,https://www.shl.com/products/product-catalog/view/customer-service-short-form-uk/,,Customer Service - Short Form - UK ,Customer Service - Short Form - UK 
Customer Service with Sales - Short Form,https://www.shl.com/products/product-catalog/view/customer-service-with-sales-short-form/,,Customer Service with Sales - Short Form ,Customer Service with Sales - Short Form 
Director - Short Form,https://www.shl.com/products/product-catalog/view/director-short-form/,,Director - Short Form ,Director - Short Form 
Adobe Experience Manager (New),https://www.shl.com/products/product-catalog/view/adobe-experience-manager-new/,,Adobe Experience Manager (New) ,Adobe Experience Manager (New) 
Adobe Photoshop CC,https://www.shl.com/products/product-catalog/view/adobe-photoshop-cc/,,Adobe Photoshop CC ,Adobe Photoshop CC 
Aeronautical Engineering (New),https://www.shl.com/products/product-catalog/view/aeronautical-engineering-new/,,Aeronautical Engineering (New) ,Aeronautical Engineering (New) 
Aerospace Engineering (New),https://www.shl.com/products/product-catalog/view/aerospace-engineering-new/,,Aerospace Engineering (New) ,Aerospace Engineering (New) 
Agile Software Development,https://www.shl.com/products/product-catalog/view/agile-software-development/,,Agile Software Development ,Agile Software Development 
Agile Testing (New),https://www.shl.com/products/product-catalog/view/agile-testing-new/,,Agile Testing (New) ,Agile Testing (New) 
AI Skills,https://www.shl.com/products/product-catalog/view/ai-skills/,,AI Skills ,AI Skills 
Amazon Web Services (AWS) Development (New),https://www.shl.com/products/product-catalog/view/amazon-web-services-aws-development-new/,,Amazon Web Services (AWS) Development (New) ,Amazon Web Services (AWS) Development (New) 
Android Development (New),https://www.shl.com/products/product-catalog/view/android-development-new/,,Android Development (New) ,Android Development (New) 
Angular 6 (New),https://www.shl.com/products/product-catalog/view/angular-6-new/,,Angular 6 (New) ,Angular 6 (New) 
AngularJS (New),https://www.shl.com/products/product-catalog/view/angularjs-new/,,AngularJS (New) ,AngularJS (New) 
Apache Hadoop (New),https://www.shl.com/products/product-catalog/view/apache-hadoop-new/,,Apache Hadoop (New) ,Apache Hadoop (New) 
District/Regional Manager Solution,https://www.shl.com/products/product-catalog/view/districtregional-manager-solution/,,District/Regional Manager Solution ,District/Regional Manager Solution 
Entry Level Cashier 7.1 (Americas),https://www.shl.com/products/product-catalog/view/entry-level-cashier-7-1-%28americas%29/,,Entry Level Cashier 7.1 (Americas) ,Entry Level Cashier 7.1 (Americas) 
Entry Level Cashier 7.1 (International),https://www.shl.com/products/product-catalog/view/entry-level-cashier-7-1-%28international%29/,,Entry Level Cashier 7.1 (International) ,Entry Level Cashier 7.1 (International) 
Entry Level Customer Service 7.1 (Americas),https://www.shl.com/products/product-catalog/view/entry-level-customer-service-7-1-%28americas%29/,,Entry Level Customer Service 7.1 (Americas) ,Entry Level Customer Service 7.1 (Americas) 
Entry Level Customer Service 7.1 (International),https://www.shl.com/products/product-catalog/view/entry-level-customer-service-%28retail-and-cc%29-7-1/,,Entry Level Customer Service 7.1 (International) ,Entry Level Customer Service 7.1 (International) 
Entry Level Customer Service 7.1 (South Africa),https://www.shl.com/products/product-catalog/view/entry-level-customer-service-7-1-%28south-africa%29/,,Entry Level Customer Service 7.1 (South Africa) ,Entry Level Customer Service 7.1 (South Africa) 
Entry level Sales 7.1 (Americas),https://www.shl.com/products/product-catalog/view/entry-level-sales-7-1-%28americas%29/,,Entry level Sales 7.1 (Americas) ,Entry level Sales 7.1 (Americas) 
Entry level Sales 7.1 (International),https://www.shl.com/products/product-catalog/view/entry-level-sales-7-1/,,Entry level Sales 7.1 (International) ,Entry level Sales 7.1 (International) 
Entry Level Sales Sift Out 7.1,https://www.shl.com/products/product-catalog/view/entry-level-sales-sift-out-7-1/,,Entry Level Sales Sift Out 7.1 ,Entry Level Sales Sift Out 7.1 
Event Sales Manager Solution,https://www.shl.com/products/product-catalog/view/event-sales-manager-solution/,,Event Sales Manager Solution ,Event Sales Manager Solution 
Executive - Short Form,https://www.shl.com/products/product-catalog/view/executive-short-form/,,Executive - Short Form ,Executive - Short Form 
Financial Professional - Short Form,https://www.shl.com/products/product-catalog/view/financial-professional-short-form/,,Financial Professional - Short Form ,Financial Professional - Short Form 
Apache Hadoop Extensions (New),https://www.shl.com/products/product-catalog/view/apache-hadoop-extensions-new/,,Apache Hadoop Extensions (New) ,Apache Hadoop Extensions (New) 
Apache HBase (New),https://www.shl.com/products/product-catalog/view/apache-hbase-new/,,Apache HBase (New) ,Apache HBase (New) 
Apache Hive (New),https://www.shl.com/products/product-catalog/view/apache-hive-new/,,Apache Hive (New) ,Apache Hive (New) 
Apache Kafka (New),https://www.shl.com/products/product-catalog/view/apache-kafka-new/,,Apache Kafka (New) ,Apache Kafka (New) 
Apache Pig (New),https://www.shl.com/products/product-catalog/view/apache-pig-new/,,Apache Pig (New) ,Apache Pig (New) 
Apache Spark (New),https://www.shl.com/products/product-catalog/view/apache-spark-new/,,Apache Spark (New) ,Apache Spark (New) 
ASP .NET with C# (New),https://www.shl.com/products/product-catalog/view/asp-net-with-c-new/,,ASP .NET with C# (New) ,ASP .NET with C# (New) 
ASP.NET 4.5,https://www.shl.com/products/product-catalog/view/asp-net-4-5/,,ASP.NET 4.5 ,ASP.NET 4.5 
Assessment and Development Center Exercises,https://www.shl.com/products/product-catalog/view/assessment-and-development-center-exercises/,,Assessment and Development Center Exercises ,Assessment and Development Center Exercises 
Automata - Fix (New),https://www.shl.com/products/product-catalog/view/automata-fix-new/,,Automata - Fix (New) ,Automata - Fix (New) 
Automata - SQL (New),https://www.shl.com/products/product-catalog/view/automata-sql-new/,,Automata - SQL (New) ,Automata - SQL (New) 
Automata (New),https://www.shl.com/products/product-catalog/view/automata-new/,,Automata (New) ,Automata (New) 
Financial Services Representative Solution,https://www.shl.com/products/product-catalog/view/financial-services-representative-solution/,,Financial Services Representative Solution ,Financial Services Representative Solution 
Front Desk Associate Solution,https://www.shl.com/products/product-catalog/view/front-desk-associate-solution/,,Front Desk Associate Solution ,Front Desk Associate Solution 
Gaming Associate Solution,https://www.shl.com/products/product-catalog/view/gaming-associate-solution/,,Gaming Associate Solution ,Gaming Associate Solution 
Gaming Manager Solution,https://www.shl.com/products/product-catalog/view/gaming-manager-solution/,,Gaming Manager Solution ,Gaming Manager Solution 
General Entry Level - All Industries 7.0 Solution,https://www.shl.com/products/product-catalog/view/general-entry-level-all-industries-7-0-solution/,,General Entry Level - All Industries 7.0 Solution ,General Entry Level - All Industries 7.0 Solution 
General Entry Level - All Industries 7.1 Solution,https://www.shl.com/products/product-catalog/view/general-entry-level-all-industries-7-1-solution/,,General Entry Level - All Industries 7.1 Solution ,General Entry Level - All Industries 7.1 Solution 
General Entry Level - All Industries 7.1(Americas),https://www.shl.com/products/product-catalog/view/general-entry-level-all-industries-7-1%28americas%29/,,General Entry Level - All Industries 7.1(Americas) ,General Entry Level - All Industries 7.1(Americas) 
General Entry Level – Data Entry 7.0 Solution,https://www.shl.com/products/product-catalog/view/general-entry-level-data-entry-7-0-solution/,,General Entry Level – Data Entry 7.0 Solution ,General Entry Level – Data Entry 7.0 Solution 
Graduate + 8.0 Job Focused Assessment,https://www.shl.com/products/product-catalog/view/graduate-8-0-job-focused-assessment/,,Graduate + 8.0 Job Focused Assessment ,Graduate + 8.0 Job Focused Assessment 
Graduate 7.1 Job Focused Assessment,https://www.shl.com/products/product-catalog/view/graduate-7-1-job-focused-assessment/,,Graduate 7.1 Job Focused Assessment ,Graduate 7.1 Job Focused Assessment 
Graduate 8.0 Job Focused Assessment,https://www.shl.com/products/product-catalog/view/graduate-8-0-job-focused-assessment-4228/,,Graduate 8.0 Job Focused Assessment ,Graduate 8.0 Job Focused Assessment 
Guest Service Team 7.0 Solution,https://www.shl.com/products/product-catalog/view/guest-service-team-7-0-solution/,,Guest Service Team 7.0 Solution ,Guest Service Team 7.0 Solution 
Automata Data Science (New),https://www.shl.com/products/product-catalog/view/automata-data-science-new/,,Automata Data Science (New) ,Automata Data Science (New) 
Automata Data Science Pro (New),https://www.shl.com/products/product-catalog/view/automata-data-science-pro-new/,,Automata Data Science Pro (New) ,Automata Data Science Pro (New) 
Automata Front End,https://www.shl.com/products/product-catalog/view/automata-front-end/,,Automata Front End ,Automata Front End 
Automata Pro (New),https://www.shl.com/products/product-catalog/view/automata-pro-new/,,Automata Pro (New) ,Automata Pro (New) 
Automata Selenium,https://www.shl.com/products/product-catalog/view/automata-selenium/,,Automata Selenium ,Automata Selenium 
Automation Anywhere RPA Development (New),https://www.shl.com/products/product-catalog/view/automation-anywhere-rpa-development-new/,,Automation Anywhere RPA Development (New) ,Automation Anywhere RPA Development (New) 
Automotive Engineering (New),https://www.shl.com/products/product-catalog/view/automotive-engineering-new/,,Automotive Engineering (New) ,Automotive Engineering (New) 
Basic Biology (New),https://www.shl.com/products/product-catalog/view/basic-biology-new/,,Basic Biology (New) ,Basic Biology (New) 
Basic Computer Literacy (Windows 10) (New),https://www.shl.com/products/product-catalog/view/basic-computer-literacy-windows-10-new/,,Basic Computer Literacy (Windows 10) (New) ,Basic Computer Literacy (Windows 10) (New) 
Basic Statistics (New),https://www.shl.com/products/product-catalog/view/basic-statistics-new/,,Basic Statistics (New) ,Basic Statistics (New) 
Biochemistry (New),https://www.shl.com/products/product-catalog/view/biochemistry-new/,,Biochemistry (New) ,Biochemistry (New) 
Biotech Lab Techniques (New),https://www.shl.com/products/product-catalog/view/biotech-lab-techniques-new/,,Biotech Lab Techniques (New) ,Biotech Lab Techniques (New) 
Guest Services Associate Solution,https://www.shl.com/products/product-catalog/view/guest-services-associate-solution/,,Guest Services Associate Solution ,Guest Services Associate Solution 
Healthcare Aide 7.0 Solution,https://www.shl.com/products/product-catalog/view/healthcare-aide-7-0-solution/,,Healthcare Aide 7.0 Solution ,Healthcare Aide 7.0 Solution 
Healthcare Call Center Agent Solution,https://www.shl.com/products/product-catalog/view/healthcare-call-center-agent-solution/,,Healthcare Call Center Agent Solution ,Healthcare Call Center Agent Solution 
Healthcare Service Associate Solution,https://www.shl.com/products/product-catalog/view/healthcare-service-associate-solution/,,Healthcare Service Associate Solution ,Healthcare Service Associate Solution 
Healthcare Support Specialist Solution,https://www.shl.com/products/product-catalog/view/healthcare-support-specialist-solution/,,Healthcare Support Specialist Solution ,Healthcare Support Specialist Solution 
Home Health Aide Solution,https://www.shl.com/products/product-catalog/view/home-health-aide-solution/,,Home Health Aide Solution ,Home Health Aide Solution 
Hospitality Manager Solution,https://www.shl.com/products/product-catalog/view/hospitality-manager-solution/,,Hospitality Manager Solution ,Hospitality Manager Solution 
Host Solution,https://www.shl.com/products/product-catalog/view/host-solution/,,Host Solution ,Host Solution 
Industrial - Entry Level 7.0 Solution,https://www.shl.com/products/product-catalog/view/industrial-entry-level-7-0-solution/,,Industrial - Entry Level 7.0 Solution ,Industrial - Entry Level 7.0 Solution 
Industrial - Entry Level 7.1 (Americas),https://www.shl.com/products/product-catalog/view/industrial-entry-level-7-1-%28americas%29/,,Industrial - Entry Level 7.1 (Americas) ,Industrial - Entry Level 7.1 (Americas) 
Industrial - Entry Level 7.1 (International),https://www.shl.com/products/product-catalog/view/industrial-entry-level-7-1-%28international%29/,,Industrial - Entry Level 7.1 (International) ,Industrial - Entry Level 7.1 (International) 
Industrial - Professional and Skilled 7.0 Solution,https://www.shl.com/products/product-catalog/view/industrial-professional-and-skilled-7-0-solution/,,Industrial - Professional and Skilled 7.0 Solution ,Industrial - Professional and Skilled 7.0 Solution 
BizTalk (New),https://www.shl.com/products/product-catalog/view/biztalk-new/,,BizTalk (New) ,BizTalk (New) 
Business Communication (adaptive),https://www.shl.com/products/product-catalog/view/business-communication-adaptive/,,Business Communication (adaptive) ,Business Communication (adaptive) 
Business Communications,https://www.shl.com/products/product-catalog/view/business-communications/,,Business Communications ,Business Communications 
C Programming (New),https://www.shl.com/products/product-catalog/view/c-programming-new/,,C Programming (New) ,C Programming (New) 
C# Programming (New),https://www.shl.com/products/product-catalog/view/c-programming-new-4039/,,C# Programming (New) ,C# Programming (New) 
C++ Programming (New),https://www.shl.com/products/product-catalog/view/c-programming-new-4122/,,C++ Programming (New) ,C++ Programming (New) 
Cardiology and Diabetes Management (New),https://www.shl.com/products/product-catalog/view/cardiology-and-diabetes-management-new/,,Cardiology and Diabetes Management (New) ,Cardiology and Diabetes Management (New) 
Ceramic Engineering (New),https://www.shl.com/products/product-catalog/view/ceramic-engineering-new/,,Ceramic Engineering (New) ,Ceramic Engineering (New) 
Chemical Engineering (New),https://www.shl.com/products/product-catalog/view/chemical-engineering-new/,,Chemical Engineering (New) ,Chemical Engineering (New) 
Cisco AppDynamics (New),https://www.shl.com/products/product-catalog/view/cisco-appdynamics-new/,,Cisco AppDynamics (New) ,Cisco AppDynamics (New) 
Civil Engineering (New),https://www.shl.com/products/product-catalog/view/civil-engineering-new/,,Civil Engineering (New) ,Civil Engineering (New) 
Cloud Computing (New),https://www.shl.com/products/product-catalog/view/cloud-computing-new/,,Cloud Computing (New) ,Cloud Computing (New) 
Industrial - Semi-skilled 7.1 (Americas),https://www.shl.com/products/product-catalog/view/industrial-semi-skilled-7-1-%28americas%29/,,Industrial - Semi-skilled 7.1 (Americas) ,Industrial - Semi-skilled 7.1 (Americas) 
Industrial - Semi-skilled 7.1 (International),https://www.shl.com/products/product-catalog/view/industrial-semi-skilled-7-1-%28international%29/,,Industrial - Semi-skilled 7.1 (International) ,Industrial - Semi-skilled 7.1 (International) 
Industrial Professional and Skilled 7.1 (Americas),https://www.shl.com/products/product-catalog/view/industrial-professional-and-skilled-7-1-%28americas%29/,,Industrial Professional and Skilled 7.1 (Americas) ,Industrial Professional and Skilled 7.1 (Americas) 
Industrial Professional and Skilled 7.1 Solution,https://www.shl.com/products/product-catalog/view/industrial-professional-and-skilled-7-1-solution/,,Industrial Professional and Skilled 7.1 Solution ,Industrial Professional and Skilled 7.1 Solution 
Installation and Repair Technician Solution,https://www.shl.com/products/product-catalog/view/installation-and-repair-technician-solution/,,Installation and Repair Technician Solution ,Installation and Repair Technician Solution 
Insurance Account Manager Solution,https://www.shl.com/products/product-catalog/view/insurance-account-manager-solution/,,Insurance Account Manager Solution ,Insurance Account Manager Solution 
Insurance Administrative Assistant Solution,https://www.shl.com/products/product-catalog/view/insurance-administrative-assistant-solution/,,Insurance Administrative Assistant Solution ,Insurance Administrative Assistant Solution 
Insurance Agent Solution,https://www.shl.com/products/product-catalog/view/insurance-agent-solution/,,Insurance Agent Solution ,Insurance Agent Solution 
Insurance Director Solution,https://www.shl.com/products/product-catalog/view/insurance-director-solution/,,Insurance Director Solution ,Insurance Director Solution 
Insurance Sales Manager Solution,https://www.shl.com/products/product-catalog/view/insurance-sales-manager-solution/,,Insurance Sales Manager Solution ,Insurance Sales Manager Solution 
Manager - Short Form,https://www.shl.com/products/product-catalog/view/manager-short-form/,,Manager - Short Form ,Manager - Short Form 
Manager + 7.0 Solution,https://www.shl.com/products/product-catalog/view/manager-7-0-solution-3955/,,Manager + 7.0 Solution ,Manager + 7.0 Solution 
COBOL Programming (New),https://www.shl.com/products/product-catalog/view/cobol-programming-new/,,COBOL Programming (New) ,COBOL Programming (New) 
Computer Science (New),https://www.shl.com/products/product-catalog/view/computer-science-new/,,Computer Science (New) ,Computer Science (New) 
Contact Center Call Simulation (New),https://www.shl.com/products/product-catalog/view/contact-center-call-simulation-new/,,Contact Center Call Simulation (New) ,Contact Center Call Simulation (New) 
Conversational Multichat Simulation,https://www.shl.com/products/product-catalog/view/conversational-multichat-simulation/,,Conversational Multichat Simulation ,Conversational Multichat Simulation 
Core Java (Advanced Level) (New),https://www.shl.com/products/product-catalog/view/core-java-advanced-level-new/,,Core Java (Advanced Level) (New) ,Core Java (Advanced Level) (New) 
Core Java (Entry Level) (New),https://www.shl.com/products/product-catalog/view/core-java-entry-level-new/,,Core Java (Entry Level) (New) ,Core Java (Entry Level) (New) 
Count Out The Money,https://www.shl.com/products/product-catalog/view/count-out-the-money/,,Count Out The Money ,Count Out The Money 
CSS3 (New),https://www.shl.com/products/product-catalog/view/css3-new/,,CSS3 (New) ,CSS3 (New) 
Culinary Skills (New),https://www.shl.com/products/product-catalog/view/culinary-skills-new/,,Culinary Skills (New) ,Culinary Skills (New) 
Customer Service Phone Simulation,https://www.shl.com/products/product-catalog/view/customer-service-phone-simulation/,,Customer Service Phone Simulation ,Customer Service Phone Simulation 
Customer Service Phone Solution,https://www.shl.com/products/product-catalog/view/customer-service-phone-solution/,,Customer Service Phone Solution ,Customer Service Phone Solution 
Cyber Risk (New),https://www.shl.com/products/product-catalog/view/cyber-risk-new/,,Cyber Risk (New) ,Cyber Risk (New) 
Manager + 7.1 (Americas),https://www.shl.com/products/product-catalog/view/manager-7-1-solution-4242/,,Manager + 7.1 (Americas) ,Manager + 7.1 (Americas) 
Manager + 7.1 (International),https://www.shl.com/products/product-catalog/view/manager-7-1-%28international%29/,,Manager + 7.1 (International) ,Manager + 7.1 (International) 
Manager 7.0 Solution,https://www.shl.com/products/product-catalog/view/manager-7-0-solution/,,Manager 7.0 Solution ,Manager 7.0 Solution 
Manager 7.1 (Americas),https://www.shl.com/products/product-catalog/view/manager-7-1-%28americas%29/,,Manager 7.1 (Americas) ,Manager 7.1 (Americas) 
Manager 7.1 (International),https://www.shl.com/products/product-catalog/view/manager-7-1-solution/,,Manager 7.1 (International) ,Manager 7.1 (International) 
Manager 8.0 JFA,https://www.shl.com/products/product-catalog/view/manager-8-0-jfa/,,Manager 8.0 JFA ,Manager 8.0 JFA 
Manager 8.0+ JFA,https://www.shl.com/products/product-catalog/view/manager-8-0-jfa-4310/,,Manager 8.0+ JFA ,Manager 8.0+ JFA 
Manufacturing Production Team Member,https://www.shl.com/products/product-catalog/view/manufacturing-production-team-member/,,Manufacturing Production Team Member ,Manufacturing Production Team Member 
Manufacturing Skilled Maintenance Worker,https://www.shl.com/products/product-catalog/view/manufacturing-skilled-maintenance-worker/,,Manufacturing Skilled Maintenance Worker ,Manufacturing Skilled Maintenance Worker 
Network Engineer/Analyst Solution,https://www.shl.com/products/product-catalog/view/network-engineeranalyst-solution/,,Network Engineer/Analyst Solution ,Network Engineer/Analyst Solution 
Nurse Leader Solution,https://www.shl.com/products/product-catalog/view/nurse-leader-solution/,,Nurse Leader Solution ,Nurse Leader Solution 
Nurse Solution,https://www.shl.com/products/product-catalog/view/nurse-solution/,,Nurse Solution ,Nurse Solution 
Data Entry (New),https://www.shl.com/products/product-catalog/view/data-entry-new/,,Data Entry (New) ,Data Entry (New) 
Data Entry Alphanumeric Split Screen - US,https://www.shl.com/products/product-catalog/view/data-entry-alphanumeric-split-screen-us/,,Data Entry Alphanumeric Split Screen - US ,Data Entry Alphanumeric Split Screen - US 
Data Entry Numeric Split Screen - US,https://www.shl.com/products/product-catalog/view/data-entry-numeric-split-screen-us/,,Data Entry Numeric Split Screen - US ,Data Entry Numeric Split Screen - US 
Data Entry Ten Key Split Screen,https://www.shl.com/products/product-catalog/view/data-entry-ten-key-split-screen/,,Data Entry Ten Key Split Screen ,Data Entry Ten Key Split Screen 
Data Science (New),https://www.shl.com/products/product-catalog/view/data-science-new/,,Data Science (New) ,Data Science (New) 
Data Warehousing Concepts,https://www.shl.com/products/product-catalog/view/data-warehousing-concepts/,,Data Warehousing Concepts ,Data Warehousing Concepts 
Dependability and Safety Instrument (DSI),https://www.shl.com/products/product-catalog/view/dependability-and-safety-instrument-dsi/,,Dependability and Safety Instrument (DSI) ,Dependability and Safety Instrument (DSI) 
Dermatology (New),https://www.shl.com/products/product-catalog/view/dermatology-new/,,Dermatology (New) ,Dermatology (New) 
Desktop Support (New),https://www.shl.com/products/product-catalog/view/desktop-support-new/,,Desktop Support (New) ,Desktop Support (New) 
Digital Advertising (New),https://www.shl.com/products/product-catalog/view/digital-advertising-new/,,Digital Advertising (New) ,Digital Advertising (New) 
Digital Readiness Development Report - IC,https://www.shl.com/products/product-catalog/view/digital-readiness-development-report/,,Digital Readiness Development Report - IC ,Digital Readiness Development Report - IC 
Digital Readiness Development Report - Manager,https://www.shl.com/products/product-catalog/view/digital-readiness-development-report-manager/,,Digital Readiness Development Report - Manager ,Digital Readiness Development Report - Manager 
Nursing Assistant Solution,https://www.shl.com/products/product-catalog/view/nursing-assistant-solution/,,Nursing Assistant Solution ,Nursing Assistant Solution 
Personal Banker - Short Form,https://www.shl.com/products/product-catalog/view/personal-banker-short-form/,,Personal Banker - Short Form ,Personal Banker - Short Form 
Phone Banker - Short Form,https://www.shl.com/products/product-catalog/view/phone-banker-short-form/,,Phone Banker - Short Form ,Phone Banker - Short Form 
Prep/Line Cook Solution,https://www.shl.com/products/product-catalog/view/prepline-cook-solution/,,Prep/Line Cook Solution ,Prep/Line Cook Solution 
Professional + 7.0 Solution,https://www.shl.com/products/product-catalog/view/professional-7-0-solution-3958/,,Professional + 7.0 Solution ,Professional + 7.0 Solution 
Professional + 7.1 (Americas),https://www.shl.com/products/product-catalog/view/professional-7-1-%28americas%29/,,Professional + 7.1 (Americas) ,Professional + 7.1 (Americas) 
Professional + 7.1 (International),https://www.shl.com/products/product-catalog/view/professional-7-1-solution/,,Professional + 7.1 (International) ,Professional + 7.1 (International) 
Professional 7.0 Solution,https://www.shl.com/products/product-catalog/view/professional-7-0-solution/,,Professional 7.0 Solution ,Professional 7.0 Solution 
Professional 7.1 (International),https://www.shl.com/products/product-catalog/view/professional-7-1-solution-4247/,,Professional 7.1 (International) ,Professional 7.1 (International) 
Professional 8.0 JFA,https://www.shl.com/products/product-catalog/view/professional-8-0-jfa/,,Professional 8.0 JFA ,Professional 8.0 JFA 
Professional/Individual Contributor - Short Form,https://www.shl.com/products/product-catalog/view/professionalindividual-contributor-short-form/,,Professional/Individual Contributor - Short Form ,Professional/Individual Contributor - Short Form 
Project Manager - Short Form,https://www.shl.com/products/product-catalog/view/project-manager-short-form/,,Project Manager - Short Form ,Project Manager - Short Form 
Docker (New),https://www.shl.com/products/product-catalog/view/docker-new/,,Docker (New) ,Docker (New) 
Dojo (New),https://www.shl.com/products/product-catalog/view/dojo-new/,,Dojo (New) ,Dojo (New) 
Drupal (New),https://www.shl.com/products/product-catalog/view/drupal-new/,,Drupal (New) ,Drupal (New) 
DSI v1.1 Interpretation Report,https://www.shl.com/products/product-catalog/view/dsi-v1-1-interpretation-report/,,DSI v1.1 Interpretation Report ,DSI v1.1 Interpretation Report 
Econometrics (New),https://www.shl.com/products/product-catalog/view/econometrics-new/,,Econometrics (New) ,Econometrics (New) 
Economics (New),https://www.shl.com/products/product-catalog/view/economics-new/,,Economics (New) ,Economics (New) 
Electrical and Electronics Engineering (New),https://www.shl.com/products/product-catalog/view/electrical-and-electronics-engineering-new/,,Electrical and Electronics Engineering (New) ,Electrical and Electronics Engineering (New) 
Electrical Engineering (New),https://www.shl.com/products/product-catalog/view/electrical-engineering-new/,,Electrical Engineering (New) ,Electrical Engineering (New) 
Electronics & Telecommunications Engineering (New),https://www.shl.com/products/product-catalog/view/electronics-and-telecommunications-engineering-new/,,Electronics & Telecommunications Engineering (New) ,Electronics & Telecommunications Engineering (New) 
Electronics and Embedded Systems Engineering (New),https://www.shl.com/products/product-catalog/view/electronics-and-embedded-systems-engineering-new/,,Electronics and Embedded Systems Engineering (New) ,Electronics and Embedded Systems Engineering (New) 
Electronics and Semiconductor Engineering (New),https://www.shl.com/products/product-catalog/view/electronics-and-semiconductor-engineering-new/,,Electronics and Semiconductor Engineering (New) ,Electronics and Semiconductor Engineering (New) 
English Comprehension (New),https://www.shl.com/products/product-catalog/view/english-comprehension-new/,,English Comprehension (New) ,English Comprehension (New) 
Proof Operator - Processing Specialist -Short Form,https://www.shl.com/products/product-catalog/view/proof-operator-processing-specialist-short-form/,,Proof Operator - Processing Specialist -Short Form ,Proof Operator - Processing Specialist -Short Form 
Reservation Agent Solution,https://www.shl.com/products/product-catalog/view/reservation-agent-solution/,,Reservation Agent Solution ,Reservation Agent Solution 
Restaurant Manager Solution,https://www.shl.com/products/product-catalog/view/restaurant-manager-solution/,,Restaurant Manager Solution ,Restaurant Manager Solution 
Restaurant Supervisor Solution,https://www.shl.com/products/product-catalog/view/restaurant-supervisor-solution/,,Restaurant Supervisor Solution ,Restaurant Supervisor Solution 
Retail Consultant Solution,https://www.shl.com/products/product-catalog/view/retail-consultant-solution/,,Retail Consultant Solution ,Retail Consultant Solution 
Retail Manager w/ Sales Solution,https://www.shl.com/products/product-catalog/view/retail-manager-w-sales-solution/,,Retail Manager w/ Sales Solution ,Retail Manager w/ Sales Solution 
Retail Sales Associate Solution,https://www.shl.com/products/product-catalog/view/retail-sales-associate-solution/,,Retail Sales Associate Solution ,Retail Sales Associate Solution 
Sales Director Solution,https://www.shl.com/products/product-catalog/view/sales-director-solution/,,Sales Director Solution ,Sales Director Solution 
Sales Engineer Solution,https://www.shl.com/products/product-catalog/view/sales-engineer-solution/,,Sales Engineer Solution ,Sales Engineer Solution 
Sales Manager Solution,https://www.shl.com/products/product-catalog/view/sales-manager-solution/,,Sales Manager Solution ,Sales Manager Solution 
Sales Professional 7.0 Solution,https://www.shl.com/products/product-catalog/view/sales-professional-7-0-solution/,,Sales Professional 7.0 Solution ,Sales Professional 7.0 Solution 
Sales Professional 7.1 (Americas),https://www.shl.com/products/product-catalog/view/sales-professional-7-1-%28americas%29/,,Sales Professional 7.1 (Americas) ,Sales Professional 7.1 (Americas) 
Enterprise Java Beans (New),https://www.shl.com/products/product-catalog/view/enterprise-java-beans-new/,,Enterprise Java Beans (New) ,Enterprise Java Beans (New) 
Enterprise Leadership Report 1.0,https://www.shl.com/products/product-catalog/view/enterprise-leadership-report/,,Enterprise Leadership Report 1.0 ,Enterprise Leadership Report 1.0 
Enterprise Leadership Report 2.0,https://www.shl.com/products/product-catalog/view/enterprise-leadership-report-2-0/,,Enterprise Leadership Report 2.0 ,Enterprise Leadership Report 2.0 
Entry Level Cashier Solution,https://www.shl.com/products/product-catalog/view/entry-level-cashier-solution/,,Entry Level Cashier Solution ,Entry Level Cashier Solution 
Entry Level Customer Serv-Retail & Contact Center,https://www.shl.com/products/product-catalog/view/entry-level-customer-serv-retail-and-contact-center/,,Entry Level Customer Serv-Retail & Contact Center ,Entry Level Customer Serv-Retail & Contact Center 
Entry Level Customer Service (General) Solution,https://www.shl.com/products/product-catalog/view/entry-level-customer-service-general-solution/,,Entry Level Customer Service (General) Solution ,Entry Level Customer Service (General) Solution 
Entry Level Hotel Front Desk Solution,https://www.shl.com/products/product-catalog/view/entry-level-hotel-front-desk-solution/,,Entry Level Hotel Front Desk Solution ,Entry Level Hotel Front Desk Solution 
Entry Level Sales Solution,https://www.shl.com/products/product-catalog/view/entry-level-sales-solution/,,Entry Level Sales Solution ,Entry Level Sales Solution 
Entry Level Technical Support Solution,https://www.shl.com/products/product-catalog/view/entry-level-technical-support-solution/,,Entry Level Technical Support Solution ,Entry Level Technical Support Solution 
ETL Testing (New),https://www.shl.com/products/product-catalog/view/etl-testing-new/,,ETL Testing (New) ,ETL Testing (New) 
Executive Scenarios,https://www.shl.com/products/product-catalog/view/executive-scenarios/,,Executive Scenarios ,Executive Scenarios 
Executive Scenarios Narrative Report,https://www.shl.com/products/product-catalog/view/executive-scenarios-narrative-report/,,Executive Scenarios Narrative Report ,Executive Scenarios Narrative Report 
Sales Professional Solution,https://www.shl.com/products/product-catalog/view/sales-professional-solution/,,Sales Professional Solution ,Sales Professional Solution 
Sales Representative Solution,https://www.shl.com/products/product-catalog/view/sales-representative-solution/,,Sales Representative Solution ,Sales Representative Solution 
Sales Supervisor Solution,https://www.shl.com/products/product-catalog/view/sales-supervisor-solution/,,Sales Supervisor Solution ,Sales Supervisor Solution 
Sales Support Specialist Solution,https://www.shl.com/products/product-catalog/view/sales-support-specialist-solution/,,Sales Support Specialist Solution ,Sales Support Specialist Solution 
Senior Insurance Agent Solution,https://www.shl.com/products/product-catalog/view/senior-insurance-agent-solution/,,Senior Insurance Agent Solution ,Senior Insurance Agent Solution 
Senior Sales Professional Solution,https://www.shl.com/products/product-catalog/view/senior-sales-professional-solution/,,Senior Sales Professional Solution ,Senior Sales Professional Solution 
Server Solution,https://www.shl.com/products/product-catalog/view/server-solution/,,Server Solution ,Server Solution 
Service Associate Solution,https://www.shl.com/products/product-catalog/view/service-associate-solution/,,Service Associate Solution ,Service Associate Solution 
Service Supervisor Solution,https://www.shl.com/products/product-catalog/view/service-supervisor-solution/,,Service Supervisor Solution ,Service Supervisor Solution 
Stock Clerk Solution,https://www.shl.com/products/product-catalog/view/stock-clerk-solution/,,Stock Clerk Solution ,Stock Clerk Solution 
Store Manager 7.0 Solution,https://www.shl.com/products/product-catalog/view/store-manager-7-0-solution/,,Store Manager 7.0 Solution ,Store Manager 7.0 Solution 
Store Manager 7.1 (Americas),https://www.shl.com/products/product-catalog/view/store-manager-7-1-%28americas%29/,,Store Manager 7.1 (Americas) ,Store Manager 7.1 (Americas) 
Executive Scenarios Profile Report,https://www.shl.com/products/product-catalog/view/executive-scenarios-profile-report/,,Executive Scenarios Profile Report ,Executive Scenarios Profile Report 
ExpressJS (New),https://www.shl.com/products/product-catalog/view/expressjs-new/,,ExpressJS (New) ,ExpressJS (New) 
Filing - Names (R1),https://www.shl.com/products/product-catalog/view/filing-names-r1/,,Filing - Names (R1) ,Filing - Names (R1) 
Filing - Numbers,https://www.shl.com/products/product-catalog/view/filing-numbers/,,Filing - Numbers ,Filing - Numbers 
Financial Accounting (New),https://www.shl.com/products/product-catalog/view/financial-accounting-new/,,Financial Accounting (New) ,Financial Accounting (New) 
Financial and Banking Services (New),https://www.shl.com/products/product-catalog/view/financial-and-banking-services-new/,,Financial and Banking Services (New) ,Financial and Banking Services (New) 
Fire Engineering (New),https://www.shl.com/products/product-catalog/view/fire-engineering-new/,,Fire Engineering (New) ,Fire Engineering (New) 
Following Instructions v1 - UK (R1),https://www.shl.com/products/product-catalog/view/following-instructions-v1-uk-r1/,,Following Instructions v1 - UK (R1) ,Following Instructions v1 - UK (R1) 
Following Instructions v1 - US (R2),https://www.shl.com/products/product-catalog/view/following-instructions-v1-us-r2/,,Following Instructions v1 - US (R2) ,Following Instructions v1 - US (R2) 
Food and Beverage Services (New),https://www.shl.com/products/product-catalog/view/food-and-beverage-services-new/,,Food and Beverage Services (New) ,Food and Beverage Services (New) 
Food Science (New),https://www.shl.com/products/product-catalog/view/food-science-new/,,Food Science (New) ,Food Science (New) 
Front Office Management (New),https://www.shl.com/products/product-catalog/view/front-office-management-new/,,Front Office Management (New) ,Front Office Management (New) 
Store Manager 7.1 (International),https://www.shl.com/products/product-catalog/view/store-manager-7-1-%28international%29/,,Store Manager 7.1 (International) ,Store Manager 7.1 (International) 
Store Manager Solution,https://www.shl.com/products/product-catalog/view/store-manager-solution/,,Store Manager Solution ,Store Manager Solution 
Supervisor - Short Form,https://www.shl.com/products/product-catalog/view/supervisor-short-form/,,Supervisor - Short Form ,Supervisor - Short Form 
Supervisor 7.0 Solution,https://www.shl.com/products/product-catalog/view/supervisor-7-0-solution/,,Supervisor 7.0 Solution ,Supervisor 7.0 Solution 
Supervisor 7.1 (Americas),https://www.shl.com/products/product-catalog/view/supervisor-7-1-%28americas%29/,,Supervisor 7.1 (Americas) ,Supervisor 7.1 (Americas) 
Supervisor 7.1 (International),https://www.shl.com/products/product-catalog/view/supervisor-7-1-%28international%29/,,Supervisor 7.1 (International) ,Supervisor 7.1 (International) 
Support Associate Solution,https://www.shl.com/products/product-catalog/view/support-associate-solution/,,Support Associate Solution ,Support Associate Solution 
Support Supervisor Solution,https://www.shl.com/products/product-catalog/view/support-supervisor-solution/,,Support Supervisor Solution ,Support Supervisor Solution 
Technical Sales Associate Solution,https://www.shl.com/products/product-catalog/view/technical-sales-associate-solution/,,Technical Sales Associate Solution ,Technical Sales Associate Solution 
Technician/Technologist Solution,https://www.shl.com/products/product-catalog/view/techniciantechnologist-solution/,,Technician/Technologist Solution ,Technician/Technologist Solution 
Technology Professional 8.0 Job Focused Assessment,https://www.shl.com/products/product-catalog/view/technology-professional-8-0-job-focused-assessment/,,Technology Professional 8.0 Job Focused Assessment ,Technology Professional 8.0 Job Focused Assessment 
Telenurse Solution,https://www.shl.com/products/product-catalog/view/telenurse-solution/,,Telenurse Solution ,Telenurse Solution 
Fundamentals of Chemistry (New),https://www.shl.com/products/product-catalog/view/fundamentals-of-chemistry-new/,,Fundamentals of Chemistry (New) ,Fundamentals of Chemistry (New) 
Fundamentals of Physics (New),https://www.shl.com/products/product-catalog/view/fundamentals-of-physics-new/,,Fundamentals of Physics (New) ,Fundamentals of Physics (New) 
General Diseases (New),https://www.shl.com/products/product-catalog/view/general-diseases-new/,,General Diseases (New) ,General Diseases (New) 
Geoinformatics Engineering (New),https://www.shl.com/products/product-catalog/view/geoinformatics-engineering-new/,,Geoinformatics Engineering (New) ,Geoinformatics Engineering (New) 
Geoscience Engineering (New),https://www.shl.com/products/product-catalog/view/geoscience-engineering-new/,,Geoscience Engineering (New) ,Geoscience Engineering (New) 
GIT (New),https://www.shl.com/products/product-catalog/view/git-new/,,GIT (New) ,GIT (New) 
Global Skills Assessment,https://www.shl.com/products/product-catalog/view/global-skills-assessment/,,Global Skills Assessment ,Global Skills Assessment 
Graduate Scenarios,https://www.shl.com/products/product-catalog/view/graduate-scenarios/,,Graduate Scenarios ,Graduate Scenarios 
Graduate Scenarios Narrative Report,https://www.shl.com/products/product-catalog/view/graduate-scenarios-narrative-report/,,Graduate Scenarios Narrative Report ,Graduate Scenarios Narrative Report 
Graduate Scenarios Profile Report,https://www.shl.com/products/product-catalog/view/graduate-scenarios-profile-report/,,Graduate Scenarios Profile Report ,Graduate Scenarios Profile Report 
Hibernate (New),https://www.shl.com/products/product-catalog/view/hibernate-new/,,Hibernate (New) ,Hibernate (New) 
HIPAA (Security),https://www.shl.com/products/product-catalog/view/hipaa-security/,,HIPAA (Security) ,HIPAA (Security) 
Teller 7.0,https://www.shl.com/products/product-catalog/view/teller-7-0/,,Teller 7.0 ,Teller 7.0 
Teller with Sales - Short Form,https://www.shl.com/products/product-catalog/view/teller-with-sales-short-form/,,Teller with Sales - Short Form ,Teller with Sales - Short Form 
Transcriptionist Solution,https://www.shl.com/products/product-catalog/view/transcriptionist-solution/,,Transcriptionist Solution ,Transcriptionist Solution 
Workplace Safety - Individual 7.0 Solution,https://www.shl.com/products/product-catalog/view/workplace-safety-individual-7-0-solution/,,Workplace Safety - Individual 7.0 Solution ,Workplace Safety - Individual 7.0 Solution 
Workplace Safety - Individual 7.1 (Americas),https://www.shl.com/products/product-catalog/view/workplace-safety-individual-7-1-solution/,,Workplace Safety - Individual 7.1 (Americas) ,Workplace Safety - Individual 7.1 (Americas) 
Workplace Safety - Team 7.0 Solution,https://www.shl.com/products/product-catalog/view/workplace-safety-team-7-0-solution/,,Workplace Safety - Team 7.0 Solution ,Workplace Safety - Team 7.0 Solution 
Workplace Safety - Team 7.1 (Americas),https://www.shl.com/products/product-catalog/view/workplace-safety-team-7-1-%28americas%29/,,Workplace Safety - Team 7.1 (Americas) ,Workplace Safety - Team 7.1 (Americas) 
Workplace Safety - Team 7.1 (International),https://www.shl.com/products/product-catalog/view/workplace-safety-team-7-1-solution/,,Workplace Safety - Team 7.1 (International) ,Workplace Safety - Team 7.1 (International) 
Workplace Safety Solution,https://www.shl.com/products/product-catalog/view/workplace-safety-solution/,,Workplace Safety Solution ,Workplace Safety Solution 
HiPo Assessment Report 1.0,https://www.shl.com/products/product-catalog/view/hipo-assessment-report-1-0/,,HiPo Assessment Report 1.0 ,HiPo Assessment Report 1.0 
HiPo Assessment Report 2.0,https://www.shl.com/products/product-catalog/view/hipo-assessment-report-2-0/,,HiPo Assessment Report 2.0 ,HiPo Assessment Report 2.0 
HiPo Unlocking Potential Report 2.0,https://www.shl.com/products/product-catalog/view/hipo-unlocking-potential-report-2-0/,,HiPo Unlocking Potential Report 2.0 ,HiPo Unlocking Potential Report 2.0 
Housekeeping (New),https://www.shl.com/products/product-catalog/view/housekeeping-new/,,Housekeeping (New) ,Housekeeping (New) 
HTML/CSS (New),https://www.shl.com/products/product-catalog/view/htmlcss-new/,,HTML/CSS (New) ,HTML/CSS (New) 
HTML5 (New),https://www.shl.com/products/product-catalog/view/html5-new/,,HTML5 (New) ,HTML5 (New) 
Human Resources (New),https://www.shl.com/products/product-catalog/view/human-resources-new/,,Human Resources (New) ,Human Resources (New) 
IBM DataStage (New),https://www.shl.com/products/product-catalog/view/ibm-datastage-new/,,IBM DataStage (New) ,IBM DataStage (New) 
IBM Sterling Order Management System (New),https://www.shl.com/products/product-catalog/view/ibm-sterling-order-management-system-new/,,IBM Sterling Order Management System (New) ,IBM Sterling Order Management System (New) 
Industrial Engineering (New),https://www.shl.com/products/product-catalog/view/industrial-engineering-new/,,Industrial Engineering (New) ,Industrial Engineering (New) 
Informatica (Architecture) (New),https://www.shl.com/products/product-catalog/view/informatica-architecture-new/,,Informatica (Architecture) (New) ,Informatica (Architecture) (New) 
Informatica (Developer) (New),https://www.shl.com/products/product-catalog/view/informatica-developer-new/,,Informatica (Developer) (New) ,Informatica (Developer) (New) 
Instrumentation Engineering (New),https://www.shl.com/products/product-catalog/view/instrumentation-engineering-new/,,Instrumentation Engineering (New) ,Instrumentation Engineering (New) 
Interpersonal Communications,https://www.shl.com/products/product-catalog/view/interpersonal-communications/,,Interpersonal Communications ,Interpersonal Communications 
Interviewing and Hiring Concepts (U.S.),https://www.shl.com/products/product-catalog/view/interviewing-and-hiring-concepts-u-s/,,Interviewing and Hiring Concepts (U.S.) ,Interviewing and Hiring Concepts (U.S.) 
iOS Development (New),https://www.shl.com/products/product-catalog/view/ios-development-new/,,iOS Development (New) ,iOS Development (New) 
ITIL (IT Infrastructure Library) (New),https://www.shl.com/products/product-catalog/view/itil-it-infrastructure-library-new/,,ITIL (IT Infrastructure Library) (New) ,ITIL (IT Infrastructure Library) (New) 
Java 2 Platform Enterprise Edition 1.4 Fundamental,https://www.shl.com/products/product-catalog/view/java-2-platform-enterprise-edition-1-4-fundamental/,,Java 2 Platform Enterprise Edition 1.4 Fundamental ,Java 2 Platform Enterprise Edition 1.4 Fundamental 
Java 8 (New),https://www.shl.com/products/product-catalog/view/java-8-new/,,Java 8 (New) ,Java 8 (New) 
Java Design Patterns (New),https://www.shl.com/products/product-catalog/view/java-design-patterns-new/,,Java Design Patterns (New) ,Java Design Patterns (New) 
Java Frameworks (New),https://www.shl.com/products/product-catalog/view/java-frameworks-new/,,Java Frameworks (New) ,Java Frameworks (New) 
Java Platform Enterprise Edition 7 (Java EE 7),https://www.shl.com/products/product-catalog/view/java-platform-enterprise-edition-7-java-ee-7/,,Java Platform Enterprise Edition 7 (Java EE 7) ,Java Platform Enterprise Edition 7 (Java EE 7) 
Java Web Services (New),https://www.shl.com/products/product-catalog/view/java-web-services-new/,,Java Web Services (New) ,Java Web Services (New) 
JavaScript (New),https://www.shl.com/products/product-catalog/view/javascript-new/,,JavaScript (New) ,JavaScript (New) 
Jenkins (New),https://www.shl.com/products/product-catalog/view/jenkins-new/,,Jenkins (New) ,Jenkins (New) 
Job Control Language (New),https://www.shl.com/products/product-catalog/view/job-control-language-new/,,Job Control Language (New) ,Job Control Language (New) 
jQuery (New),https://www.shl.com/products/product-catalog/view/jquery-new/,,jQuery (New) ,jQuery (New) 
Kubernetes (New),https://www.shl.com/products/product-catalog/view/kubernetes-new/,,Kubernetes (New) ,Kubernetes (New) 
Linux Administration (New),https://www.shl.com/products/product-catalog/view/linux-administration-new/,,Linux Administration (New) ,Linux Administration (New) 
Linux Operating System,https://www.shl.com/products/product-catalog/view/linux-operating-system/,,Linux Operating System ,Linux Operating System 
Linux Programming (General),https://www.shl.com/products/product-catalog/view/linux-programming-general/,,Linux Programming (General) ,Linux Programming (General) 
Load Runner (New),https://www.shl.com/products/product-catalog/view/load-runner-new/,,Load Runner (New) ,Load Runner (New) 
Management Scenarios,https://www.shl.com/products/product-catalog/view/management-scenarios/,,Management Scenarios ,Management Scenarios 
Managerial Scenarios Candidate Report,https://www.shl.com/products/product-catalog/view/managerial-scenarios-candidate-report/,,Managerial Scenarios Candidate Report ,Managerial Scenarios Candidate Report 
Managerial Scenarios Narrative Report,https://www.shl.com/products/product-catalog/view/managerial-scenarios-narrative-report/,,Managerial Scenarios Narrative Report ,Managerial Scenarios Narrative Report 
Managerial Scenarios Profile Report,https://www.shl.com/products/product-catalog/view/managerial-scenarios-profile-report/,,Managerial Scenarios Profile Report ,Managerial Scenarios Profile Report 
Manual Testing (New),https://www.shl.com/products/product-catalog/view/manual-testing-new/,,Manual Testing (New) ,Manual Testing (New) 
Manufac. & Indust. - Mechanical & Vigilance 8.0,https://www.shl.com/products/product-catalog/view/mechanical-and-vigilance-focus-8-0/,,Manufac. & Indust. - Mechanical & Vigilance 8.0 ,Manufac. & Indust. - Mechanical & Vigilance 8.0 
Manufac. & Indust. - Safety & Dependability 8.0,https://www.shl.com/products/product-catalog/view/safety-and-dependability-focus-8-0/,,Manufac. & Indust. - Safety & Dependability 8.0 ,Manufac. & Indust. - Safety & Dependability 8.0 
Manufacturing & Industrial - Essential Focus 8.0,https://www.shl.com/products/product-catalog/view/essential-focus-8-0/,,Manufacturing & Industrial - Essential Focus 8.0 ,Manufacturing & Industrial - Essential Focus 8.0 
Manufacturing & Industrial - Mechanical Focus 8.0,https://www.shl.com/products/product-catalog/view/mechanical-focus-8-0/,,Manufacturing & Industrial - Mechanical Focus 8.0 ,Manufacturing & Industrial - Mechanical Focus 8.0 
Manufacturing & Industrial - Vigilance Focus 8.0,https://www.shl.com/products/product-catalog/view/vigilance-focus-8-0/,,Manufacturing & Industrial - Vigilance Focus 8.0 ,Manufacturing & Industrial - Vigilance Focus 8.0 
Marketing (New),https://www.shl.com/products/product-catalog/view/marketing-new/,,Marketing (New) ,Marketing (New) 
Maven (New),https://www.shl.com/products/product-catalog/view/maven-new/,,Maven (New) ,Maven (New) 
Mechanical Engineering (New),https://www.shl.com/products/product-catalog/view/mechanical-engineering-new/,,Mechanical Engineering (New) ,Mechanical Engineering (New) 
Mechatronics Engineering (New),https://www.shl.com/products/product-catalog/view/mechatronics-engineering-new/,,Mechatronics Engineering (New) ,Mechatronics Engineering (New) 
Medical Terminology (New),https://www.shl.com/products/product-catalog/view/medical-terminology-new/,,Medical Terminology (New) ,Medical Terminology (New) 
Metallurgical Engineering (New),https://www.shl.com/products/product-catalog/view/metallurgical-engineering-new/,,Metallurgical Engineering (New) ,Metallurgical Engineering (New) 
MFS 360 Enterprise Leadership Report,https://www.shl.com/products/product-catalog/view/mfs-360-enterprise-leadership-report/,,MFS 360 Enterprise Leadership Report ,MFS 360 Enterprise Leadership Report 
MFS 360 UCF Group Report,https://www.shl.com/products/product-catalog/view/mfs-360-ucf-group-report/,,MFS 360 UCF Group Report ,MFS 360 UCF Group Report 
MFS 360 UCF Performance Potential Dev Tips Report,https://www.shl.com/products/product-catalog/view/mfs-360-ucf-performance-potential-dev-tips-report/,,MFS 360 UCF Performance Potential Dev Tips Report ,MFS 360 UCF Performance Potential Dev Tips Report 
MFS 360 UCF Standard Report,https://www.shl.com/products/product-catalog/view/mfs-360-ucf-standard-report/,,MFS 360 UCF Standard Report ,MFS 360 UCF Standard Report 
Micro Focus Unified Functional Testing (New),https://www.shl.com/products/product-catalog/view/micro-focus-unified-functional-testing-new/,,Micro Focus Unified Functional Testing (New) ,Micro Focus Unified Functional Testing (New) 
Microservices (New),https://www.shl.com/products/product-catalog/view/microservices-new/,,Microservices (New) ,Microservices (New) 
Microsoft Dynamics Development (New),https://www.shl.com/products/product-catalog/view/microsoft-dynamics-development-new/,,Microsoft Dynamics Development (New) ,Microsoft Dynamics Development (New) 
Microsoft Excel 365 - Essentials (New),https://www.shl.com/products/product-catalog/view/microsoft-excel-365-essentials-new/,,Microsoft Excel 365 - Essentials (New) ,Microsoft Excel 365 - Essentials (New) 
Microsoft Excel 365 (New),https://www.shl.com/products/product-catalog/view/microsoft-excel-365-new/,,Microsoft Excel 365 (New) ,Microsoft Excel 365 (New) 
Microsoft Outlook 2013 (adaptive),https://www.shl.com/products/product-catalog/view/microsoft-outlook-2013-adaptive/,,Microsoft Outlook 2013 (adaptive) ,Microsoft Outlook 2013 (adaptive) 
Microsoft PowerPoint 365 - Essentials (New),https://www.shl.com/products/product-catalog/view/microsoft-powerpoint-365-essentials-new/,,Microsoft PowerPoint 365 - Essentials (New) ,Microsoft PowerPoint 365 - Essentials (New) 
Microsoft SQL Server 2014 Programming,https://www.shl.com/products/product-catalog/view/microsoft-sql-server-2014-programming/,,Microsoft SQL Server 2014 Programming ,Microsoft SQL Server 2014 Programming 
Microsoft Windows Server 2012 Administration,https://www.shl.com/products/product-catalog/view/microsoft-windows-server-2012-administration/,,Microsoft Windows Server 2012 Administration ,Microsoft Windows Server 2012 Administration 
Microsoft Word 365 - Essentials (New),https://www.shl.com/products/product-catalog/view/microsoft-word-365-essentials-new/,,Microsoft Word 365 - Essentials (New) ,Microsoft Word 365 - Essentials (New) 
Microsoft Word 365 (New),https://www.shl.com/products/product-catalog/view/microsoft-word-365-new/,,Microsoft Word 365 (New) ,Microsoft Word 365 (New) 
Mineral Engineering (New),https://www.shl.com/products/product-catalog/view/mineral-engineering-new/,,Mineral Engineering (New) ,Mineral Engineering (New) 
Mining Engineering (New),https://www.shl.com/products/product-catalog/view/mining-engineering-new/,,Mining Engineering (New) ,Mining Engineering (New) 
Mobility (New),https://www.shl.com/products/product-catalog/view/mobility-new/,,Mobility (New) ,Mobility (New) 
Molecular Biology (New),https://www.shl.com/products/product-catalog/view/molecular-biology-new/,,Molecular Biology (New) ,Molecular Biology (New) 
MongoDB (New),https://www.shl.com/products/product-catalog/view/mongodb-new/,,MongoDB (New) ,MongoDB (New) 
Motivation Questionnaire MQM5,https://www.shl.com/products/product-catalog/view/motivation-questionnaire-mqm5/,,Motivation Questionnaire MQM5 ,Motivation Questionnaire MQM5 
MQ Candidate Motivation Report,https://www.shl.com/products/product-catalog/view/mq-candidate-motivation-report/,,MQ Candidate Motivation Report ,MQ Candidate Motivation Report 
MQ Employee Motivation Report,https://www.shl.com/products/product-catalog/view/mq-employee-motivation-report/,,MQ Employee Motivation Report ,MQ Employee Motivation Report 
MQ Motivation Report Pack,https://www.shl.com/products/product-catalog/view/mq-motivation-report-pack/,,MQ Motivation Report Pack ,MQ Motivation Report Pack 
MQ Profile,https://www.shl.com/products/product-catalog/view/mq-profile/,,MQ Profile ,MQ Profile 
MS Access (New),https://www.shl.com/products/product-catalog/view/ms-access-new/,,MS Access (New) ,MS Access (New) 
MS Excel (New),https://www.shl.com/products/product-catalog/view/ms-excel-new/,,MS Excel (New) ,MS Excel (New) 
MS Office Basic Computer Literacy (New),https://www.shl.com/products/product-catalog/view/ms-office-basic-computer-literacy-new/,,MS Office Basic Computer Literacy (New) ,MS Office Basic Computer Literacy (New) 
MS Office Basic Computer Literacy (Sim) (New),https://www.shl.com/products/product-catalog/view/ms-office-basic-computer-literacy-sim-new/,,MS Office Basic Computer Literacy (Sim) (New) ,MS Office Basic Computer Literacy (Sim) (New) 
MS PowerPoint (New),https://www.shl.com/products/product-catalog/view/ms-powerpoint-new/,,MS PowerPoint (New) ,MS PowerPoint (New) 
MS Word (New),https://www.shl.com/products/product-catalog/view/ms-word-new/,,MS Word (New) ,MS Word (New) 
MuleSoft Development (New),https://www.shl.com/products/product-catalog/view/mulesoft-development-new/,,MuleSoft Development (New) ,MuleSoft Development (New) 
Multitasking Ability,https://www.shl.com/products/product-catalog/view/multitasking-ability/,,Multitasking Ability ,Multitasking Ability 
Networking and Implementation (New),https://www.shl.com/products/product-catalog/view/networking-and-implementation-new/,,Networking and Implementation (New) ,Networking and Implementation (New) 
Node.js (New),https://www.shl.com/products/product-catalog/view/node-js-new/,,Node.js (New) ,Node.js (New) 
Nursing (New),https://www.shl.com/products/product-catalog/view/nursing-new/,,Nursing (New) ,Nursing (New) 
Occupational Personality Questionnaire OPQ32r,https://www.shl.com/products/product-catalog/view/occupational-personality-questionnaire-opq32r/,,Occupational Personality Questionnaire OPQ32r ,Occupational Personality Questionnaire OPQ32r 
Operations Management (New),https://www.shl.com/products/product-catalog/view/operations-management-new/,,Operations Management (New) ,Operations Management (New) 
OPQ Candidate Plus Report,https://www.shl.com/products/product-catalog/view/opq-candidate-plus-report/,,OPQ Candidate Plus Report ,OPQ Candidate Plus Report 
OPQ Candidate Report 2.0,https://www.shl.com/products/product-catalog/view/opq-candidate-report-2-0/,,OPQ Candidate Report 2.0 ,OPQ Candidate Report 2.0 
OPQ Emotional Intelligence Report,https://www.shl.com/products/product-catalog/view/opq-emotional-intelligence-report/,,OPQ Emotional Intelligence Report ,OPQ Emotional Intelligence Report 
OPQ Leadership Report,https://www.shl.com/products/product-catalog/view/opq-leadership-report/,,OPQ Leadership Report ,OPQ Leadership Report 
OPQ Manager Plus Report,https://www.shl.com/products/product-catalog/view/opq-manager-plus-report/,,OPQ Manager Plus Report ,OPQ Manager Plus Report 
OPQ Manager Plus Report 2.0,https://www.shl.com/products/product-catalog/view/opq-manager-plus-report-2-0/,,OPQ Manager Plus Report 2.0 ,OPQ Manager Plus Report 2.0 
OPQ Maximising your Learning Report,https://www.shl.com/products/product-catalog/view/opq-maximising-your-learning-report/,,OPQ Maximising your Learning Report ,OPQ Maximising your Learning Report 
OPQ MQ Sales Report,https://www.shl.com/products/product-catalog/view/opq-mq-sales-report/,,OPQ MQ Sales Report ,OPQ MQ Sales Report 
OPQ Premium Plus Report,https://www.shl.com/products/product-catalog/view/opq-premium-plus-report/,,OPQ Premium Plus Report ,OPQ Premium Plus Report 
OPQ Premium Plus Report 2.0,https://www.shl.com/products/product-catalog/view/opq-premium-plus-report-2-0/,,OPQ Premium Plus Report 2.0 ,OPQ Premium Plus Report 2.0 
OPQ Profile Report,https://www.shl.com/products/product-catalog/view/opq-profile-report/,,OPQ Profile Report ,OPQ Profile Report 
OPQ Team Impact Group Development Report,https://www.shl.com/products/product-catalog/view/opq-team-impact-group-development-report/,,OPQ Team Impact Group Development Report ,OPQ Team Impact Group Development Report 
OPQ Team Impact Individual Development Report,https://www.shl.com/products/product-catalog/view/opq-team-impact-individual-development-report/,,OPQ Team Impact Individual Development Report ,OPQ Team Impact Individual Development Report 
OPQ Team Impact Selection Report,https://www.shl.com/products/product-catalog/view/opq-team-impact-selection-report/,,OPQ Team Impact Selection Report ,OPQ Team Impact Selection Report 
OPQ Team Types & Leadership Styles Profile,https://www.shl.com/products/product-catalog/view/opq-team-types-and-leadership-styles-profile/,,OPQ Team Types & Leadership Styles Profile ,OPQ Team Types & Leadership Styles Profile 
OPQ Team Types and Leadership Styles Report,https://www.shl.com/products/product-catalog/view/opq-team-types-and-leadership-styles-report/,,OPQ Team Types and Leadership Styles Report ,OPQ Team Types and Leadership Styles Report 
OPQ UCF Development Action Planner Report 1.0,https://www.shl.com/products/product-catalog/view/opq-ucf-development-action-planner-report/,,OPQ UCF Development Action Planner Report 1.0 ,OPQ UCF Development Action Planner Report 1.0 
OPQ UCF Development Action Planner Report 2.0,https://www.shl.com/products/product-catalog/view/opq-ucf-development-action-planner-report-2-0/,,OPQ UCF Development Action Planner Report 2.0 ,OPQ UCF Development Action Planner Report 2.0 
OPQ Universal Competency Report 1.0,https://www.shl.com/products/product-catalog/view/opq-universal-competency-report/,,OPQ Universal Competency Report 1.0 ,OPQ Universal Competency Report 1.0 
OPQ Universal Competency Report 2.0,https://www.shl.com/products/product-catalog/view/opq-universal-competency-report-2-0/,,OPQ Universal Competency Report 2.0 ,OPQ Universal Competency Report 2.0 
OPQ User and Managers Report,https://www.shl.com/products/product-catalog/view/opq-user-and-managers-report/,,OPQ User and Managers Report ,OPQ User and Managers Report 
OPQ User Report,https://www.shl.com/products/product-catalog/view/opq-user-report/,,OPQ User Report ,OPQ User Report 
Oracle DBA (Advanced Level) (New),https://www.shl.com/products/product-catalog/view/oracle-dba-advanced-level-new/,,Oracle DBA (Advanced Level) (New) ,Oracle DBA (Advanced Level) (New) 
Oracle DBA (Entry Level) (New),https://www.shl.com/products/product-catalog/view/oracle-dba-entry-level-new/,,Oracle DBA (Entry Level) (New) ,Oracle DBA (Entry Level) (New) 
Oracle PL/SQL (New),https://www.shl.com/products/product-catalog/view/oracle-plsql-new/,,Oracle PL/SQL (New) ,Oracle PL/SQL (New) 
Oracle WebLogic Server (New),https://www.shl.com/products/product-catalog/view/oracle-weblogic-server-new/,,Oracle WebLogic Server (New) ,Oracle WebLogic Server (New) 
Organic Chemistry (New),https://www.shl.com/products/product-catalog/view/organic-chemistry-new/,,Organic Chemistry (New) ,Organic Chemistry (New) 
Paint Technology (New),https://www.shl.com/products/product-catalog/view/paint-technology-new/,,Paint Technology (New) ,Paint Technology (New) 
Pediatrics (New),https://www.shl.com/products/product-catalog/view/pediatrics-new/,,Pediatrics (New) ,Pediatrics (New) 
Pega Development (New),https://www.shl.com/products/product-catalog/view/pega-development-new/,,Pega Development (New) ,Pega Development (New) 
Perl (New),https://www.shl.com/products/product-catalog/view/perl-new/,,Perl (New) ,Perl (New) 
Petrochemical Engineering (New),https://www.shl.com/products/product-catalog/view/petrochemical-engineering-new/,,Petrochemical Engineering (New) ,Petrochemical Engineering (New) 
Petroleum Engineering (New),https://www.shl.com/products/product-catalog/view/petroleum-engineering-new/,,Petroleum Engineering (New) ,Petroleum Engineering (New) 
Pharmaceutical Analysis (New),https://www.shl.com/products/product-catalog/view/pharmaceutical-analysis-new/,,Pharmaceutical Analysis (New) ,Pharmaceutical Analysis (New) 
Pharmaceutical Chemistry (New),https://www.shl.com/products/product-catalog/view/pharmaceutical-chemistry-new/,,Pharmaceutical Chemistry (New) ,Pharmaceutical Chemistry (New) 
Pharmaceutical Science (New),https://www.shl.com/products/product-catalog/view/pharmaceutical-science-new/,,Pharmaceutical Science (New) ,Pharmaceutical Science (New) 
Pharmaceutics (New),https://www.shl.com/products/product-catalog/view/pharmaceutics-new/,,Pharmaceutics (New) ,Pharmaceutics (New) 
Pharmacology (New),https://www.shl.com/products/product-catalog/view/pharmacology-new/,,Pharmacology (New) ,Pharmacology (New) 
PHP (New),https://www.shl.com/products/product-catalog/view/php-new/,,PHP (New) ,PHP (New) 
PJM Development Report,https://www.shl.com/products/product-catalog/view/pjm-development-report/,,PJM Development Report ,PJM Development Report 
PJM Selection Report,https://www.shl.com/products/product-catalog/view/pjm-selection-report/,,PJM Selection Report ,PJM Selection Report 
Polymer Engineering (New),https://www.shl.com/products/product-catalog/view/polymer-engineering-new/,,Polymer Engineering (New) ,Polymer Engineering (New) 
Power Electronics and Drives (New),https://www.shl.com/products/product-catalog/view/power-electronics-and-drives-new/,,Power Electronics and Drives (New) ,Power Electronics and Drives (New) 
Power System Engineering (New),https://www.shl.com/products/product-catalog/view/power-system-engineering-new/,,Power System Engineering (New) ,Power System Engineering (New) 
Prism (New),https://www.shl.com/products/product-catalog/view/prism-new/,,Prism (New) ,Prism (New) 
Production and Industrial Engineering (New),https://www.shl.com/products/product-catalog/view/production-and-industrial-engineering-new/,,Production and Industrial Engineering (New) ,Production and Industrial Engineering (New) 
Production Engineering (New),https://www.shl.com/products/product-catalog/view/production-engineering-new/,,Production Engineering (New) ,Production Engineering (New) 
Programming Concepts,https://www.shl.com/products/product-catalog/view/programming-concepts/,,Programming Concepts ,Programming Concepts 
Project Management (2013),https://www.shl.com/products/product-catalog/view/project-management-2013/,,Project Management (2013) ,Project Management (2013) 
Proofreading v1,https://www.shl.com/products/product-catalog/view/proofreading-v1/,,Proofreading v1 ,Proofreading v1 
Python (New),https://www.shl.com/products/product-catalog/view/python-new/,,Python (New) ,Python (New) 
R Programming (New),https://www.shl.com/products/product-catalog/view/r-programming-new/,,R Programming (New) ,R Programming (New) 
ReactJS (New),https://www.shl.com/products/product-catalog/view/reactjs-new/,,ReactJS (New) ,ReactJS (New) 
Reading Comprehension - English v1,https://www.shl.com/products/product-catalog/view/reading-comprehension-english-v1/,,Reading Comprehension - English v1 ,Reading Comprehension - English v1 
Reading Comprehension - Spanish v1,https://www.shl.com/products/product-catalog/view/reading-comprehension-spanish-v1/,,Reading Comprehension - Spanish v1 ,Reading Comprehension - Spanish v1 
Reading Comprehension v2,https://www.shl.com/products/product-catalog/view/reading-comprehension-v2/,,Reading Comprehension v2 ,Reading Comprehension v2 
RemoteWorkQ,https://www.shl.com/products/product-catalog/view/remoteworkq/,,RemoteWorkQ ,RemoteWorkQ 
RemoteWorkQ Manager Report,https://www.shl.com/products/product-catalog/view/remoteworkq-manager-report/,,RemoteWorkQ Manager Report ,RemoteWorkQ Manager Report 
RemoteWorkQ Participant Report,https://www.shl.com/products/product-catalog/view/remoteworkq-participant-report/,,RemoteWorkQ Participant Report ,RemoteWorkQ Participant Report 
RESTful Web Services (New),https://www.shl.com/products/product-catalog/view/restful-web-services-new/,,RESTful Web Services (New) ,RESTful Web Services (New) 
Retail Sales and Service Simulation,https://www.shl.com/products/product-catalog/view/retail-sales-and-service-simulation/,,Retail Sales and Service Simulation ,Retail Sales and Service Simulation 
Reviewing Forms - US (R1),https://www.shl.com/products/product-catalog/view/reviewing-forms-us-r1/,,Reviewing Forms - US (R1) ,Reviewing Forms - US (R1) 
Ruby (New),https://www.shl.com/products/product-catalog/view/ruby-new/,,Ruby (New) ,Ruby (New) 
Ruby on Rails (New),https://www.shl.com/products/product-catalog/view/ruby-on-rails-new/,,Ruby on Rails (New) ,Ruby on Rails (New) 
Sales & Service Phone Simulation,https://www.shl.com/products/product-catalog/view/sales-and-service-phone-simulation/,,Sales & Service Phone Simulation ,Sales & Service Phone Simulation 
Sales & Service Phone Solution,https://www.shl.com/products/product-catalog/view/sales-and-service-phone-solution/,,Sales & Service Phone Solution ,Sales & Service Phone Solution 
Sales Interview Guide,https://www.shl.com/products/product-catalog/view/sales-interview-guide/,,Sales Interview Guide ,Sales Interview Guide 
Sales Profiler Cards,https://www.shl.com/products/product-catalog/view/sales-profiler-cards/,,Sales Profiler Cards ,Sales Profiler Cards 
Sales Transformation 1.0 - Individual Contributor,https://www.shl.com/products/product-catalog/view/sales-transformation-report-individual-contributor/,,Sales Transformation 1.0 - Individual Contributor ,Sales Transformation 1.0 - Individual Contributor 
Sales Transformation 2.0 - Individual Contributor,https://www.shl.com/products/product-catalog/view/salestransformationreport2-0-individualcontributor/,,Sales Transformation 2.0 - Individual Contributor ,Sales Transformation 2.0 - Individual Contributor 
Sales Transformation Report 1.0 - Sales Manager,https://www.shl.com/products/product-catalog/view/sales-transformation-report-sales-manager/,,Sales Transformation Report 1.0 - Sales Manager ,Sales Transformation Report 1.0 - Sales Manager 
Sales Transformation Report 2.0 - Sales Manager,https://www.shl.com/products/product-catalog/view/sales-transformation-report-2-0-sales-manager/,,Sales Transformation Report 2.0 - Sales Manager ,Sales Transformation Report 2.0 - Sales Manager 
Salesforce Development (New),https://www.shl.com/products/product-catalog/view/salesforce-development-new/,,Salesforce Development (New) ,Salesforce Development (New) 
SAP ABAP (Advanced Level) (New),https://www.shl.com/products/product-catalog/view/sap-abap-advanced-level-new/,,SAP ABAP (Advanced Level) (New) ,SAP ABAP (Advanced Level) (New) 
SAP ABAP (Intermediate Level) (New),https://www.shl.com/products/product-catalog/view/sap-abap-intermediate-level-new/,,SAP ABAP (Intermediate Level) (New) ,SAP ABAP (Intermediate Level) (New) 
SAP Basis (New),https://www.shl.com/products/product-catalog/view/sap-basis-new/,,SAP Basis (New) ,SAP Basis (New) 
SAP Business Objects WebI (New),https://www.shl.com/products/product-catalog/view/sap-business-objects-webi-new/,,SAP Business Objects WebI (New) ,SAP Business Objects WebI (New) 
SAP BW (Business Warehouse) (New),https://www.shl.com/products/product-catalog/view/sap-bw-business-warehouse-new/,,SAP BW (Business Warehouse) (New) ,SAP BW (Business Warehouse) (New) 
SAP HCM (Human Capital Management) (New),https://www.shl.com/products/product-catalog/view/sap-hcm-human-capital-management-new/,,SAP HCM (Human Capital Management) (New) ,SAP HCM (Human Capital Management) (New) 
SAP Hybris (New),https://www.shl.com/products/product-catalog/view/sap-hybris-new/,,SAP Hybris (New) ,SAP Hybris (New) 
SAP Materials Management (New),https://www.shl.com/products/product-catalog/view/sap-materials-management-new/,,SAP Materials Management (New) ,SAP Materials Management (New) 
SAP SD (Sales and Distribution) (New),https://www.shl.com/products/product-catalog/view/sap-sd-sales-and-distribution-new/,,SAP SD (Sales and Distribution) (New) ,SAP SD (Sales and Distribution) (New) 
Search Engine Optimization (New),https://www.shl.com/products/product-catalog/view/search-engine-optimization-new/,,Search Engine Optimization (New) ,Search Engine Optimization (New) 
Selenium (New),https://www.shl.com/products/product-catalog/view/selenium-new/,,Selenium (New) ,Selenium (New) 
Shell Scripting (New),https://www.shl.com/products/product-catalog/view/shell-scripting-new/,,Shell Scripting (New) ,Shell Scripting (New) 
SHL Verify Interactive - Inductive Reasoning,https://www.shl.com/products/product-catalog/view/shl-verify-interactive-inductive-reasoning/,,SHL Verify Interactive - Inductive Reasoning ,SHL Verify Interactive - Inductive Reasoning 
SHL Verify Interactive – Deductive Reasoning,https://www.shl.com/products/product-catalog/view/shl-verify-interactive-deductive-reasoning/,,SHL Verify Interactive – Deductive Reasoning ,SHL Verify Interactive – Deductive Reasoning 
SHL Verify Interactive – Numerical Reasoning,https://www.shl.com/products/product-catalog/view/shl-verify-interactive-numerical-reasoning/,,SHL Verify Interactive – Numerical Reasoning ,SHL Verify Interactive – Numerical Reasoning 
SHL Verify Interactive G+,https://www.shl.com/products/product-catalog/view/shl-verify-interactive-g/,,SHL Verify Interactive G+ ,SHL Verify Interactive G+ 
SHL Verify Interactive Numerical Calculation,https://www.shl.com/products/product-catalog/view/shl-verify-interactive-numerical-calculation/,,SHL Verify Interactive Numerical Calculation ,SHL Verify Interactive Numerical Calculation 
Siebel Development (New),https://www.shl.com/products/product-catalog/view/siebel-development-new/,,Siebel Development (New) ,Siebel Development (New) 
Smart Interview Live,https://www.shl.com/products/product-catalog/view/smart-interview-live/,,Smart Interview Live ,Smart Interview Live 
Smart Interview Live Coding,https://www.shl.com/products/product-catalog/view/smart-interview-live-coding/,,Smart Interview Live Coding ,Smart Interview Live Coding 
Smart Interview On Demand,https://www.shl.com/products/product-catalog/view/smart-interview-on-demand/,,Smart Interview On Demand ,Smart Interview On Demand 
Social Media (New),https://www.shl.com/products/product-catalog/view/social-media-new/,,Social Media (New) ,Social Media (New) 
Software Business Analysis,https://www.shl.com/products/product-catalog/view/software-business-analysis/,,Software Business Analysis ,Software Business Analysis 
SonarQube (New),https://www.shl.com/products/product-catalog/view/sonarqube-new/,,SonarQube (New) ,SonarQube (New) 
Spelling (U.S.) (New),https://www.shl.com/products/product-catalog/view/spelling-u-s-new/,,Spelling (U.S.) (New) ,Spelling (U.S.) (New) 
Split Screen Typing Test - Form 1,https://www.shl.com/products/product-catalog/view/split-screen-typing-test-form-1/,,Split Screen Typing Test - Form 1 ,Split Screen Typing Test - Form 1 
Spring (New),https://www.shl.com/products/product-catalog/view/spring-new/,,Spring (New) ,Spring (New) 
SQL (New),https://www.shl.com/products/product-catalog/view/sql-new/,,SQL (New) ,SQL (New) 
SQL Server (New),https://www.shl.com/products/product-catalog/view/sql-server-new/,,SQL Server (New) ,SQL Server (New) 
SQL Server Analysis Services (SSAS) (New),https://www.shl.com/products/product-catalog/view/sql-server-analysis-services-%28ssas%29-%28new%29/,,SQL Server Analysis Services (SSAS) (New) ,SQL Server Analysis Services (SSAS) (New) 
SQL Server Integration Services (SSIS) (New),https://www.shl.com/products/product-catalog/view/sql-server-integration-services-ssis-new/,,SQL Server Integration Services (SSIS) (New) ,SQL Server Integration Services (SSIS) (New) 
SQL Server Reporting Services (SSRS) (New),https://www.shl.com/products/product-catalog/view/sql-server-reporting-services-ssrs-new/,,SQL Server Reporting Services (SSRS) (New) ,SQL Server Reporting Services (SSRS) (New) 
Statistical Analysis System (New),https://www.shl.com/products/product-catalog/view/statistical-analysis-system-new/,,Statistical Analysis System (New) ,Statistical Analysis System (New) 
Struts (New),https://www.shl.com/products/product-catalog/view/struts-new/,,Struts (New) ,Struts (New) 
SVAR - Spoken English (AUS),https://www.shl.com/products/product-catalog/view/svar-spoken-english-aus/,,SVAR - Spoken English (AUS) ,SVAR - Spoken English (AUS) 
SVAR - Spoken English (Indian Accent)  (New),https://www.shl.com/products/product-catalog/view/svar-spoken-english-indian-accent-new/,,SVAR - Spoken English (Indian Accent)  (New) ,SVAR - Spoken English (Indian Accent)  (New) 
SVAR - Spoken English (U.K.),https://www.shl.com/products/product-catalog/view/svar-spoken-english-u-k/,,SVAR - Spoken English (U.K.) ,SVAR - Spoken English (U.K.) 
SVAR - Spoken English (US)  (New),https://www.shl.com/products/product-catalog/view/svar-spoken-english-us-new/,,SVAR - Spoken English (US)  (New) ,SVAR - Spoken English (US)  (New) 
SVAR - Spoken French (Canadian) (New),https://www.shl.com/products/product-catalog/view/svar-spoken-french-canadian-new/,,SVAR - Spoken French (Canadian) (New) ,SVAR - Spoken French (Canadian) (New) 
SVAR - Spoken French (European) (New),https://www.shl.com/products/product-catalog/view/svar-spoken-french-european-new/,,SVAR - Spoken French (European) (New) ,SVAR - Spoken French (European) (New) 
SVAR - Spoken Spanish (Castilian) (New),https://www.shl.com/products/product-catalog/view/svar-spoken-spanish-castilian-new/,,SVAR - Spoken Spanish (Castilian) (New) ,SVAR - Spoken Spanish (Castilian) (New) 
SVAR - Spoken Spanish (North American) (New),https://www.shl.com/products/product-catalog/view/svar-spoken-spanish-north-american-new/,,SVAR - Spoken Spanish (North American) (New) ,SVAR - Spoken Spanish (North American) (New) 
Swing (New),https://www.shl.com/products/product-catalog/view/swing-new/,,Swing (New) ,Swing (New) 
Tableau (New),https://www.shl.com/products/product-catalog/view/tableau-new/,,Tableau (New) ,Tableau (New) 
Telecommunications Engineering (New),https://www.shl.com/products/product-catalog/view/telecommunications-engineering-new/,,Telecommunications Engineering (New) ,Telecommunications Engineering (New) 
Teradata Development (New),https://www.shl.com/products/product-catalog/view/teradata-development-new/,,Teradata Development (New) ,Teradata Development (New) 
Time Management (U.S.),https://www.shl.com/products/product-catalog/view/time-management-u-s/,,Time Management (U.S.) ,Time Management (U.S.) 
Training Development,https://www.shl.com/products/product-catalog/view/training-development/,,Training Development ,Training Development 
Typing (New),https://www.shl.com/products/product-catalog/view/typing-new/,,Typing (New) ,Typing (New) 
UiPath RPA Development (New),https://www.shl.com/products/product-catalog/view/uipath-rpa-development-new/,,UiPath RPA Development (New) ,UiPath RPA Development (New) 
Universal Competency Framework Interview Guide,https://www.shl.com/products/product-catalog/view/universal-competency-framework-interview-guide/,,Universal Competency Framework Interview Guide ,Universal Competency Framework Interview Guide 
Universal Competency Framework Job profiling guide,https://www.shl.com/products/product-catalog/view/universal-competency-framework-job-profiling-guide/,,Universal Competency Framework Job profiling guide ,Universal Competency Framework Job profiling guide 
Universal Competency Framework Profiler Cards (44),https://www.shl.com/products/product-catalog/view/universal-competency-framework-profiler-cards-44/,,Universal Competency Framework Profiler Cards (44) ,Universal Competency Framework Profiler Cards (44) 
UNIX (New),https://www.shl.com/products/product-catalog/view/unix-new/,,UNIX (New) ,UNIX (New) 
VB.NET (New),https://www.shl.com/products/product-catalog/view/vb-net-new/,,VB.NET (New) ,VB.NET (New) 
Verify - Deductive Reasoning,https://www.shl.com/products/product-catalog/view/verify-deductive-reasoning/,,Verify - Deductive Reasoning ,Verify - Deductive Reasoning 
Verify - Following Instructions,https://www.shl.com/products/product-catalog/view/verify-following-instructions/,,Verify - Following Instructions ,Verify - Following Instructions 
Verify - G+,https://www.shl.com/products/product-catalog/view/verify-g/,,Verify - G+ ,Verify - G+ 
Verify - General Ability Screen,https://www.shl.com/products/product-catalog/view/verify-general-ability-screen/,,Verify - General Ability Screen ,Verify - General Ability Screen 
Verify - Inductive Reasoning (2014),https://www.shl.com/products/product-catalog/view/verify-inductive-reasoning-2014/,,Verify - Inductive Reasoning (2014) ,Verify - Inductive Reasoning (2014) 
Verify - Numerical Ability,https://www.shl.com/products/product-catalog/view/verify-numerical-ability/,,Verify - Numerical Ability ,Verify - Numerical Ability 
Verify - Technical Checking - Next Generation,https://www.shl.com/products/product-catalog/view/verify-technical-checking-next-generation/,,Verify - Technical Checking - Next Generation ,Verify - Technical Checking - Next Generation 
Verify - Verbal Ability - Next Generation,https://www.shl.com/products/product-catalog/view/verify-verbal-ability-next-generation/,,Verify - Verbal Ability - Next Generation ,Verify - Verbal Ability - Next Generation 
Verify - Working with Information,https://www.shl.com/products/product-catalog/view/verify-working-with-information/,,Verify - Working with Information ,Verify - Working with Information 
Verify G+ - Ability Test Report,https://www.shl.com/products/product-catalog/view/verify-g-ability-test-report/,,Verify G+ - Ability Test Report ,Verify G+ - Ability Test Report 
Verify G+ - Candidate Report,https://www.shl.com/products/product-catalog/view/verify-g-candidate-report/,,Verify G+ - Candidate Report ,Verify G+ - Candidate Report 
Verify Interactive Ability Report,https://www.shl.com/products/product-catalog/view/verify-interactive-ability-report/,,Verify Interactive Ability Report ,Verify Interactive Ability Report 
Verify Interactive G+ Candidate Report,https://www.shl.com/products/product-catalog/view/verify-interactive-g-candidate-report/,,Verify Interactive G+ Candidate Report ,Verify Interactive G+ Candidate Report 
Verify Interactive G+ Report,https://www.shl.com/products/product-catalog/view/verify-interactive-g-report/,,Verify Interactive G+ Report ,Verify Interactive G+ Report 
Verify Interactive Process Monitoring,https://www.shl.com/products/product-catalog/view/verify-interactive-process-monitoring/,,Verify Interactive Process Monitoring ,Verify Interactive Process Monitoring 
Virtual Assessment and Development Centers,https://www.shl.com/products/product-catalog/view/virtual-assessment-and-development-centers/,,Virtual Assessment and Development Centers ,Virtual Assessment and Development Centers 
Visual Basic for Applications (New),https://www.shl.com/products/product-catalog/view/visual-basic-for-applications-new/,,Visual Basic for Applications (New) ,Visual Basic for Applications (New) 
Visual Comparison - UK,https://www.shl.com/products/product-catalog/view/visual-comparison-uk/,,Visual Comparison - UK ,Visual Comparison - UK 
Visual Comparison - US,https://www.shl.com/products/product-catalog/view/visual-comparison-us/,,Visual Comparison - US ,Visual Comparison - US 
VLSI and Embedded Systems (New),https://www.shl.com/products/product-catalog/view/vlsi-and-embedded-systems-new/,,VLSI and Embedded Systems (New) ,VLSI and Embedded Systems (New) 
What Is The Value - US,https://www.shl.com/products/product-catalog/view/what-is-the-value-us/,,What Is The Value - US ,What Is The Value - US 
Workplace Administration Skills (New),https://www.shl.com/products/product-catalog/view/workplace-administration-skills-new/,,Workplace Administration Skills (New) ,Workplace Administration Skills (New) 
Workplace Health and Safety (New),https://www.shl.com/products/product-catalog/view/workplace-health-and-safety-new/,,Workplace Health and Safety (New) ,Workplace Health and Safety (New) 
WriteX - Email Writing (Customer Service) (New),https://www.shl.com/products/product-catalog/view/writex-email-writing-customer-service-new/,,WriteX - Email Writing (Customer Service) (New) ,WriteX - Email Writing (Customer Service) (New) 
WriteX - Email Writing (Managerial) (New),https://www.shl.com/products/product-catalog/view/writex-email-writing-managerial-new/,,WriteX - Email Writing (Managerial) (New) ,WriteX - Email Writing (Managerial) (New) 
WriteX - Email Writing (Sales) (New),https://www.shl.com/products/product-catalog/view/writex-email-writing-sales-new/,,WriteX - Email Writing (Sales) (New) ,WriteX - Email Writing (Sales) (New) 
Written English v1,https://www.shl.com/products/product-catalog/view/written-english-v1/,,Written English v1 ,Written English v1 
Written Spanish,https://www.shl.com/products/product-catalog/view/written-spanish/,,Written Spanish ,Written Spanish 
Zabbix (New),https://www.shl.com/products/product-catalog/view/zabbix-new/,,Zabbix (New) ,Zabbix (New) 
360 Digital Report,https://www.shl.com/products/product-catalog/view/360-digital-report/,,360 Digital Report ,360 Digital Report 
360° Multi-Rater Feedback System (MFS),https://www.shl.com/products/product-catalog/view/360-multi-rater-feedback-system-mfs/,,360° Multi-Rater Feedback System (MFS) ,360° Multi-Rater Feedback System (MFS) 
